title	URL
Poyet: Terry's China move in doubt	http://www.espnfc.us/english-premier-league/23/video/3123173/poyet-terrys-china-move-in-doubt
The Sweeper: Conte 'The Confather'	http://www.espnfc.us/english-premier-league/23/video/3123126/the-sweeper-conte-the-confather
Poyet praises impressive Chelsea	http://www.espnfc.us/english-premier-league/23/video/3123068/poyet-praises-impressive-chelsea
Macintosh: No Champs League? No problem! 	http://www.espnfc.us/club/chelsea/363/blog/post/3122624/chelsea-are-the-latest-club-to-benefit-from-no-champions-league-football
Moses: I'm playing better with every game	http://www.espnfc.us/chelsea/story/3122957/victor-moses-im-playing-better-all-the-time-thanks-to-chelsea-boss-antonio-conte
Who is Chelsea's new prodigy?	http://www.espnfc.us/club/chelsea/363/blog/post/3122683/five-things-to-know-about-billy-gilmour-chelsea-academy-new-prodigy
How Conte got the most out of Cesc Fabregas	http://www.espnfc.us/english-premier-league/23/video/3122651/how-conte-got-the-most-out-of-cesc-fabregas
Chelsea want to sign Laporte - sources	http://www.espnfc.us/story/3122650/chelsea-want-to-sign-athletic-bilbaos-aymeric-laporte-sources
Chelsea to sign 15-year-old from Rangers	http://www.espnfc.us/story/3122591/chelsea-to-sign-15-year-old-billy-gilmour-from-rangers-in-the-summer
Leipzig confident Keita will snub Chelsea	http://www.espnfc.us/story/3122576/rb-leipzig-confident-naby-keita-will-snub-transfer-interest-from-chelsea
Trending: Terry weighing up Shenhua move	http://www.espnfc.us/english-premier-league/23/blog/post/3122384/trending-john-terry-weighing-up-shanghai-shenhua-move-real-madrid-eye-vinicius-junior
Conte must not sell Cesc Fabregas	http://www.espnfc.us/club/chelsea/363/blog/post/3122567/antonio-conte-must-find-a-place-for-cesc-fabregas-mercurial-talent
Chelsea in line to win two titles on Friday	http://www.espnfc.us/chelsea/story/3122565/chelsea-in-line-to-win-two-titles-premier-league-and-u18-on-friday
Conte: Man United defeat our lowest moment	http://www.espnfc.us/english-premier-league/23/video/3122493/conte-man-united-defeat-our-lowest-moment
Shanghai Shenhua in for Terry - sources	http://www.espnfc.us/story/3122480/shanghai-shenhua-make-lucrative-offer-to-sign-chelseas-john-terry-sources
Costa: I'll decide future, China not certain	http://www.espnfc.us/story/3122483/chelseas-diego-costa-insists-hell-decide-future-may-not-move-to-china
Fabregas first with six 10-assist Prem seasons	http://www.espnfc.us/club/chelsea/363/blog/post/3122463/chelsea-cesc-fabregas-becomes-first-premier-league-player-with-six-10-assist-seasons
Antonio Conte dubbed 'The Confather'	http://www.espnfc.us/blog/the-toe-poke/65/post/3122399/chelsea-boss-antonio-conte-heralded-as-the-confather-in-win-vs-boro
Fabregas 'matured a lot' in tough season	http://www.espnfc.us/chelsea/story/3122390/cesc-fabregas-delighted-with-contribution-as-chelsea-close-on-title
Darke: Chelsea stand apart in poor season	http://www.espnfc.us/blog/espn-fc-united-blog/68/post/3122042/chelsea-are-set-for-the-title-but-is-another-poor-season-for-the-premier-league
