T	i	t	l	e
"
                            Hot off the bench—decisions of interest from the Australian courts
                        "	"
                            Court Upholds Enforceability of Open Source Licenses
                        "	"
                            Employment & labour law in India
                        "	"
                            ""Governing law"" and ""jurisdiction"" clauses
                        "	"
                            Everyone’s nightmare: privacy and data breach risks
                        "	"
                            Potential “class action” against conveyancing solicitors
                        "	"
                            Adatvédelmi hírlevél - 19. hét
                        "	"
                            Indemnity clauses in commercial contracts: how to achieve desired contractual risk allocation
                        "	"
                            Rotation of audit firms under the Companies Act, 2013 – a closer look
                        "	"
                            10 Pieces of a Successful Compliance Audit
                        "	"
                            Kardashian lumped with lawsuit over Instagram snap
                        "	"
                            Employment & labour law in Saudi Arabia
                        "	"
                            ""Best efforts"" - ""reasonable efforts"" - ""commercially reasonable efforts"" - what do these terms mean?
                        "	"
                            Desarrollo del marco normativo europeo de MiFID II y MiFIR (primera parte)
                        "	"
                            The benefits and risks of outsourcing
                        "	"
                            25 Key Points about Using Music in Your Business
                        "	"
                            Let Me Introduce You to Three Robot Lawyers
                        "	"
                            Australia changes temporary work visa arrangements
                        "	"
                            Publication du décret d’application de la loi République numérique relatif au secret des correspondances
                        "	"
                            Contrôles et sanctions de la CNIL : bilan de l’année 2016 et programme pour 2017 
                        "	"
                            The Enforceability of Smart Contracts
                        "	"
                            LLC Punch List: Ten Things to Do After Forming Your Entity
                        "	"
                            Employment & labour law in France
                        "	"
                            Is your timekeeping system creating wage-hour liability?
                        "	"
                            Khloe Kardashian Sued By Photographer Over Instagram Photo
                        "	"
                            Kardashian lumped with lawsuit over Instagram snap
                        "	"
                            Hot off the bench—decisions of interest from the Australian courts
                        "	"
                            Welcome guidance on terms and conditions in business to business supply contracts
                        "	"
                            Employment & labour law in India
                        "	"
                            Adatvédelmi hírlevél - 19. hét
                        "	"
                            Guns N’ Roses tribute band guitarist found guilty of contempt of court & jailed for three months
                        "	"
                            Protecting trade secrets when employees depart
                        "	"
                            New Pre-action Protocol for debt claims
                        "	"
                            Doing business in Australia
                        "	"
                            FTTL v CDS - Don't be unwise, revise your replies
                        "	"
                            Is your board ready for the General Data Protection Regulation (GDPR)?
                        "	"
                            Desarrollo del marco normativo europeo de MiFID II y MiFIR (primera parte)
                        "	"
                            Contentious Commentary
                                
"	"
                            HR and the GDPR: Where do we start?
                        "	"
                            Preparing for the GDPR: What Employers Should Be Doing Now
                        "	"
                            Understanding Social Security
                        "	"
                            “Exceptional Circumstances”: How long should a Court postpone the sale of a bankrupt’s home for?  
                        "	"
                            Litigation Update April 2017
                        "	"
                            ""Governing law"" and ""jurisdiction"" clauses
                        "	"
                            Pas de salut pour un licenciement sans visite médicale de reprise
                        "	"
                            10 Pieces of a Successful Compliance Audit
                        "	"
                            Bundesregierung beschließt Einführung eines bundesweiten Wettbewerbsregisters
                                
"	"
                            La Comisión Europea acepta los compromisos propuestos por Amazon para la distribución de ebooks
                        "	"
                            Everyone’s nightmare: privacy and data breach risks
                        "	"
                            Ustawa o dochodzeniu odszkodowań za naruszenie prawa konkurencji uchwalona przez Sejm
                        "	"
                                Court Upholds Enforceability of Open Source Licenses
                            "	"
                                Autonomous and connected vehicles: navigating the legal issues 2017 
                            "	"
                                Can You Copyright Infringe Anonymously?
                            "	"
                                DMCA and monitoring - damned if you do, damned if you don’t?
                            "	"
                                Medical Device Regulation Update
                            "	"
                                Let Me Introduce You to Three Robot Lawyers
                            "	"
                                The new Country of Origin Food Labelling Standard will help Australian Food Producers to compete against imported produce
                            "	"
                                Whose data is it anyway?
                            "	"
                                OSHA Rescinds Fairfax Memo - OSHA No Longer Required to Permit Union Reps to Represent Non-Union Employees in Walkaround Inspections
                            "	"
                                Three Ways to Tune Up Your HIPAA Compliance
                            "	"
                                Healthcare Provider Obligations For Individuals With Limited English Proficiency
                            "	"
                                “Do You Kiss Your Mother With That Post?” Second Circuit Rules on Foul Facebook Post about Employer
                            "	"
                                Checklist of Tax and Non-Tax Considerations for Someone on His/Her Deathbed
                            "	"
                                Copyright Considerations for using Emoji in Commercial Ads
                            "	"
                                L.A. Lakers Story: When a Family Feud Disrupts the Family Business
                            "	"
                                OSHA Provides Enforcement Guidance on Workplace Violence Response
                            "	"
                                10 Pieces of a Successful Compliance Audit
                            "	"
                                Vietnam Releases First Draft of Solar Power Purchase Agreement
                            "	"
                                Potential “class action” against conveyancing solicitors
                            "	"
                                Supreme Court Ruling on alimony and clarificatory amendment to trust law
                            "	"
                                New Congress Trying to Protect Corporations from Nursing Home Abuse Claims
                            "	"
                                Delhi High Court allows enforcement of the award in Tata-Docomo
                            "	"
                                AIA A201: 2017 Changes
                            "	"
                                Marijuana Legalization: Effects on Employers
                            "	"
                                Side A DIC Insurance - The D&O Safety Net
                            "
